{
    "0.1": 837.4750000000001,
    "0.2": 1815.3249999999998,
    "0.3": 2253.9,
    "0.4": 2064.3,
    "0.5": 2492.0,
    "0.6": 2427.45,
    "0.7": 2421.825,
    "0.8": 2979.975,
    "0.9": 2273.85
}